//,W(X),W(Y),W(Z),](X),](Y),](Z),gk(X),gk(Y),gk(Z),蔻̉
Axe_00,0.000000,-1000.000000,0.000000,0.000000,0.000000,0.000000,1.000000,1.000000,1.000000,0,
